ShenLong,/token/0xb4c96c006d8d15131804fd5e5e68472643476422,ShenLong,0xb4c96c006d8d15131804fd5e5e68472643476422,2m ago
ROTH,/token/0x68a4f1795292de0ce5157ca35b2276e180670457,ROTH,0x68a4f1795292de0ce5157ca35b2276e180670457,2m ago
HyperMoon,/token/0x62f53351cd303ec910abb575ce66be3147e176ec,HYPM,0x62f53351cd303ec910abb575ce66be3147e176ec,2m ago
GiveUp,/token/0xda16763c09743d06bdf7fdd254bdb72e92c74e2d, $mETH,0xda16763c09743d06bdf7fdd254bdb72e92c74e2d,25m ago
Armageddon,/token/0xc87605f6a255d52062e4dc044981c32ebf64a21a,Armageddon,0xc87605f6a255d52062e4dc044981c32ebf64a21a,25m ago
Media Token,/token/0x9af1d28fcc533c01d7a476ff02f49b867c22380b,MDT,0x9af1d28fcc533c01d7a476ff02f49b867c22380b,25m ago
Birby.Finance,/token/0x7758e559936c849ac89867020127b028c723f5f7,Birby,0x7758e559936c849ac89867020127b028c723f5f7,25m ago
Wolf Protocol,/token/0x6668fdf91a7f3b40a5e7b9a658e15bb5aa9a5fb9,WLF,0x6668fdf91a7f3b40a5e7b9a658e15bb5aa9a5fb9,25m ago
KEZILAY,/token/0x30372d814902c5207d1382607d4997dcb9e7bd89,KEA,0x30372d814902c5207d1382607d4997dcb9e7bd89,25m ago
LepreCoin,/token/0x1c92263a340bdb3b3625d25464122e0487967c90,LPC,0x1c92263a340bdb3b3625d25464122e0487967c90,25m ago
Mouze,/token/0xa657cb650c1944a72c6adcd9975cf98de530cbf7,MO,0xa657cb650c1944a72c6adcd9975cf98de530cbf7,49m ago
GreenRocket,/token/0x8df23a4bcf526405ddeb923e4d4112697c922e3d,GRT,0x8df23a4bcf526405ddeb923e4d4112697c922e3d,49m ago
Reduct Protocol Token,/token/0x703177814449f63e4b92999ff8ba28238e1ede19,REDUCT,0x703177814449f63e4b92999ff8ba28238e1ede19,49m ago
Ass Pennies,/token/0x6597e8f10a48cad159e94182427372634ac525ef,ASS PENNIES,0x6597e8f10a48cad159e94182427372634ac525ef,49m ago
SafeKitty,/token/0x45f624c8ae14eed9a6d0e0909036bd59c8cb528c,KITTY,0x45f624c8ae14eed9a6d0e0909036bd59c8cb528c,49m ago
BeaverFever,/token/0x0b4dfe3822e190691ee6b88e07ec47869546b771,BF,0x0b4dfe3822e190691ee6b88e07ec47869546b771,49m ago
Rudy‚Äôs Reserve,/token/0xf3d813eade5f039e25164ce3b14d72a139131f4a,RUDY,0xf3d813eade5f039e25164ce3b14d72a139131f4a,1h ago
TestoToken,/token/0xe373344520d52e93329a97fd659b3530ce20ff88,TT,0xe373344520d52e93329a97fd659b3530ce20ff88,1h ago
BLACKY,/token/0xcfbfe01f1096a9cb654d17c20ccec8e7976b7dc9,BLACKY,0xcfbfe01f1096a9cb654d17c20ccec8e7976b7dc9,1h ago
PogCoin,/token/0xbe6257f6562036e33ae03e21467d6afe9b7aa66c,POG,0xbe6257f6562036e33ae03e21467d6afe9b7aa66c,1h ago
Ragnarok,/token/0xac84054f88775bd18bc25e7c4f9f6e0d5a551540,Ragnarok,0xac84054f88775bd18bc25e7c4f9f6e0d5a551540,1h ago
solarDOGE,/token/0xaa90e4f55c521df5ae752723e463f2c63691d9c6,SDOGE,0xaa90e4f55c521df5ae752723e463f2c63691d9c6,1h ago
CosmicSwap,/token/0x960cc8f437165b7362a34d95d1ec62dd2a940f00,COSMIC,0x960cc8f437165b7362a34d95d1ec62dd2a940f00,1h ago
SaveAmazon,/token/0x3df13691fa97e951aea02de869013ae794a581f6,SaveAma,0x3df13691fa97e951aea02de869013ae794a581f6,1h ago
BillGate,/token/0xe1bbc7ec702df9b37b06507d0fe31591039723ee,BLG,0xe1bbc7ec702df9b37b06507d0fe31591039723ee,1h ago
MOONAKITA,/token/0x9e26bfb2dda10ad64beb2dd6fa39b9d94d2e236d,MAKA,0x9e26bfb2dda10ad64beb2dd6fa39b9d94d2e236d,1h ago
TOKENTRACKER,/token/0x9b6ad26568e7e3ce9670487bf7a32b2c9f34b142,TTK,0x9b6ad26568e7e3ce9670487bf7a32b2c9f34b142,1h ago
GalaxyToken,/token/0x4760b5e3ad0dda9c84b30c9cc14a4bb0127373bc,GAT,0x4760b5e3ad0dda9c84b30c9cc14a4bb0127373bc,1h ago
YUANG COIN,/token/0x2bf4fb066bc0f08f4723be2bdfc70bae8434757d,YUANG,0x2bf4fb066bc0f08f4723be2bdfc70bae8434757d,1h ago
Money and Legendary Life,/token/0x20d9a5cd5fa0ef49834135a521a2821e4d820ca2,MALL,0x20d9a5cd5fa0ef49834135a521a2821e4d820ca2,1h ago
Cyberland,/token/0x0e77f9bd73e28e9cf178efb5b1ae4331de802a6f,Cyberland,0x0e77f9bd73e28e9cf178efb5b1ae4331de802a6f,1h ago
9gag,/token/0xe7a60f75f7b01c83df3468a4f7cecf1b973bc6a2,9gag,0xe7a60f75f7b01c83df3468a4f7cecf1b973bc6a2,2h ago
SpaceXToken,/token/0xd991d3a0f11fba17b97eb94b2d1f6e88e708e2e1,SPXT,0xd991d3a0f11fba17b97eb94b2d1f6e88e708e2e1,2h ago
Snow,/token/0xbddb2be908c1a2e0e6b49798d8f2ea4cda938cc6,SNOW,0xbddb2be908c1a2e0e6b49798d8f2ea4cda938cc6,2h ago
GUCCI,/token/0xb80bc92a81eabee7548edfc4e53dfb3ec217daa2,GUCCI,0xb80bc92a81eabee7548edfc4e53dfb3ec217daa2,2h ago
MoonShot,/token/0x998caf0e54167dbce209193ba7ed7a0a34bfa0c0,MNST,0x998caf0e54167dbce209193ba7ed7a0a34bfa0c0,2h ago
Holstein,/token/0x91c2224cd1e71bd470e7026b2649ff2b190cce3c,HLST,0x91c2224cd1e71bd470e7026b2649ff2b190cce3c,2h ago
SafeMog,/token/0x567ba460f9054c353d527643914f637e40f01e0a,SAFEMOG,0x567ba460f9054c353d527643914f637e40f01e0a,2h ago
Safe Akita,/token/0xf870e385cd8411f75aadb7ae870c90113584acec,SAFEAKITA,0xf870e385cd8411f75aadb7ae870c90113584acec,2h ago
SaleShield Project,/token/0x2f0cf442016304d9485ec7653005ed1b3993649c,SSHIELD,0x2f0cf442016304d9485ec7653005ed1b3993649c,2h ago
Pro Bono,/token/0x1277bd25274da3d7571ed9da5e32c88c45dc707f,ProBono,0x1277bd25274da3d7571ed9da5e32c88c45dc707f,2h ago
CoinRush,/token/0x053ecfc053c1e7a49db6d9d81aac144f513c98dc,COINRUSH,0x053ecfc053c1e7a49db6d9d81aac144f513c98dc,2h ago
offline-token.com,/token/0x009a0ae7ee150f28bf69f710f816c2aec172ab2c,OFF,0x009a0ae7ee150f28bf69f710f816c2aec172ab2c,2h ago
IGNITE,/token/0xeae8223415b63332a6deece03a892931deb45d8b,IGNITE,0xeae8223415b63332a6deece03a892931deb45d8b,2h ago
MarsRover,/token/0xe24bf8206293430f482eb4cd080b284577e1f420,MarsRover,0xe24bf8206293430f482eb4cd080b284577e1f420,2h ago
Great Ape,/token/0x7f4a15f5cf12e1650f090fb7bc7b0f240f1bde98,GREATAPE,0x7f4a15f5cf12e1650f090fb7bc7b0f240f1bde98,2h ago
Sexy Shiba,/token/0x7cbc4ec7e709f740e8d6db8ddbe9491d8dbd37d9,SEXS,0x7cbc4ec7e709f740e8d6db8ddbe9491d8dbd37d9,2h ago
FelixTheCat,/token/0x025b3997b8e7af219ca4d9c1470f237d369f9c6a,FTC,0x025b3997b8e7af219ca4d9c1470f237d369f9c6a,2h ago
Mosquito,/token/0xe0c33dfa82e1ea88522800dd5f734fa35330624a,MOS,0xe0c33dfa82e1ea88522800dd5f734fa35330624a,3h ago
CashCreatorCoin,/token/0xd5137ca2eaba0fe9374ab81d1c748bff6c1b01ac,CCC,0xd5137ca2eaba0fe9374ab81d1c748bff6c1b01ac,3h ago
StarFire Blockchain Derivatives - StarFIRE.exchange,/token/0xc44f3d598b7c52300e8c153169211d742623d907,‚≠êüî•,0xc44f3d598b7c52300e8c153169211d742623d907,3h ago
German Inu,/token/0x76929552f524fcd39b9700ee1578b73d48859861,GERMINU,0x76929552f524fcd39b9700ee1578b73d48859861,3h ago
FREEPALESTINE,/token/0x0ce026e17f565e62eb7812453b4e26c4e0ef01a9,FREEPALESTINE,0x0ce026e17f565e62eb7812453b4e26c4e0ef01a9,3h ago
PumperoniPizza,/token/0xebc7e8018264b51fdb9401207592e9718d093295,PPIZZA,0xebc7e8018264b51fdb9401207592e9718d093295,3h ago
RAREROCKET,/token/0xab6c6acd505aff54d116d6694065b39db3fcf5bd,RR,0xab6c6acd505aff54d116d6694065b39db3fcf5bd,3h ago
AMOGUS,/token/0x73270108710beee0c69b1135ea84af407050dc6f,SUS,0x73270108710beee0c69b1135ea84af407050dc6f,3h ago
CannabisToken,/token/0x6c89408bed8f20ca76bd3179331c1bcfd9f3d406,CBT,0x6c89408bed8f20ca76bd3179331c1bcfd9f3d406,3h ago
Elonstarlink,/token/0x2cdc7bac914e488b2bff18a7cd4771bc77b36f29,EST,0x2cdc7bac914e488b2bff18a7cd4771bc77b36f29,3h ago
Chikuwa,/token/0x20d9733866b9fe7a7800b29202d2f82c8bbb008e,CHIKUWA,0x20d9733866b9fe7a7800b29202d2f82c8bbb008e,3h ago
Shill.Earn.Repeat V3,/token/0x07b664d9d0060c0b6177b61dc04ad70bf4694f40,SER-V3,0x07b664d9d0060c0b6177b61dc04ad70bf4694f40,3h ago
VALOMOON,/token/0xf99d025aa1af449ed4a822bf67b2b5240408b04c,VALO,0xf99d025aa1af449ed4a822bf67b2b5240408b04c,3h ago
POOSKY,/token/0xf3fee065f62afdb8df3c4496e7ac32ca6c29d0d3,PS,0xf3fee065f62afdb8df3c4496e7ac32ca6c29d0d3,3h ago
CICADA,/token/0xd493374976462b9dfc324b7a1e9dbd00a1cdec52,CICADA,0xd493374976462b9dfc324b7a1e9dbd00a1cdec52,3h ago
MerlinCoin,/token/0xc6908f93621311069ea70abb9686bf0ae1ecfb30,MC,0xc6908f93621311069ea70abb9686bf0ae1ecfb30,3h ago
UltimateToken,/token/0xc5ffc1cb7533931d737e13a9b68ebb45270f3298,ULTIMATE,0xc5ffc1cb7533931d737e13a9b68ebb45270f3298,3h ago
HatchiInu,/token/0xaeb39dbb90b79268492e3f96f2ff9cf52aab5878,HATCHIINU,0xaeb39dbb90b79268492e3f96f2ff9cf52aab5878,3h ago
Taurus Token,/token/0xa8c0134920df5c722396c92558a01f23edc821c7,TAURUS,0xa8c0134920df5c722396c92558a01f23edc821c7,3h ago
Hodl Moon,/token/0x738721420b0aed64159b2a2e9fff1913bb97dac7,HMOON üåô,0x738721420b0aed64159b2a2e9fff1913bb97dac7,3h ago
Moonery,/token/0x5baebd214fdae546ce39750b8363e799e2aba21e,MNRY,0x5baebd214fdae546ce39750b8363e799e2aba21e,3h ago
Blue Moon,/token/0x4cf1219a05c5969a1e05995dee5b3b7284f30dc8,BLUE,0x4cf1219a05c5969a1e05995dee5b3b7284f30dc8,3h ago
SafeWOOD,/token/0x34e924780f1587949f1fa1aeaac98715deb48e35,WOOD,0x34e924780f1587949f1fa1aeaac98715deb48e35,3h ago
Cunnilingus.Network,/token/0x1e74c4a7936ce22b508df0642709c99c3140fa44,LICK,0x1e74c4a7936ce22b508df0642709c99c3140fa44,3h ago
MultiPlanet,/token/0x093c89004375c9abe112638c876401a8da03be5c,MultiPlanet,0x093c89004375c9abe112638c876401a8da03be5c,3h ago
NFTB,/token/0xde3dbbe30cfa9f437b293294d1fd64b26045c71a,NFTB,0xde3dbbe30cfa9f437b293294d1fd64b26045c71a,4h ago
Hope,/token/0xd2ca65c7e1e895f9d4e8b72486f1d7ff7934ee82,HOPE,0xd2ca65c7e1e895f9d4e8b72486f1d7ff7934ee82,4h ago
SafeCock,/token/0xc628df0addb2617a6cc658ee2363332e17925632,SAFECOCK,0xc628df0addb2617a6cc658ee2363332e17925632,4h ago
   ALIENPUG,/token/0x8ccd8a40d4b0c254a08ba3ceeb330f016634c686,ALPUG,0x8ccd8a40d4b0c254a08ba3ceeb330f016634c686,4h ago
MotherFuckerElon,/token/0x4d084395c0b4d73f397cf3b2ba7394ed96f79c0b,MFELON,0x4d084395c0b4d73f397cf3b2ba7394ed96f79c0b,4h ago
Q-byt,/token/0x4489e51f5dbe7dfc536c374c7d3e4fe784d42729,Q-bit,0x4489e51f5dbe7dfc536c374c7d3e4fe784d42729,4h ago
BARBAPAPA,/token/0x0623f42bbb043dc1d418c0a8c9529f7c202d45ac,BPAPA,0x0623f42bbb043dc1d418c0a8c9529f7c202d45ac,4h ago
SELEMENE,/token/0x0134b49d8c435715314337d1fcef7f33a6478292,SLM,0x0134b49d8c435715314337d1fcef7f33a6478292,4h ago
MicroNet,/token/0x00dc81f473eef441d942bf8bf8bf52e07769cbbe,MCNET,0x00dc81f473eef441d942bf8bf8bf52e07769cbbe,4h ago
Foxi Inu,/token/0x5a78c46cfbb14943b96a8d5232a1b3bf74bcb461,Foxi,0x5a78c46cfbb14943b96a8d5232a1b3bf74bcb461,4h ago
SpaceCock,/token/0x1bb75dd32d26a69190553691bbb03375c5faf9fc,SpaceCock,0x1bb75dd32d26a69190553691bbb03375c5faf9fc,4h ago
CadyToken,/token/0xb521447f5e23a2c002a26ebcdcc4d28142c04e5f,CADY,0xb521447f5e23a2c002a26ebcdcc4d28142c04e5f,5h ago
SHIBARIDER,/token/0xadb005d51fa429ace13c31b6fd357fc6bd1fe0c6,SB,0xadb005d51fa429ace13c31b6fd357fc6bd1fe0c6,5h ago
LIT.io,/token/0x9a0c2e3b02d6c15c96689d4f781a98dce96c6d18,LIT üî•,0x9a0c2e3b02d6c15c96689d4f781a98dce96c6d18,5h ago
AkitaDoge,/token/0x88821de71efe03b07e3db89fae4fbf01b7d7a70e,Akita,0x88821de71efe03b07e3db89fae4fbf01b7d7a70e,5h ago
AliumToken,/token/0x7c38870e93a1f959cb6c533eb10bbc3e438aac11,ALM,0x7c38870e93a1f959cb6c533eb10bbc3e438aac11,5h ago
NINJA DOGE,/token/0x5ed032e5574a07dba9f27c76feaa21bab1c3e4e3,NINJADOGE,0x5ed032e5574a07dba9f27c76feaa21bab1c3e4e3,5h ago
Integration Finance,/token/0xf7cab31aaaf8f1a0a01fbe7c17d75025d07d8509,INF,0xf7cab31aaaf8f1a0a01fbe7c17d75025d07d8509,5h ago
SkyHigh,/token/0xea92fb20292920340d2c84172b7582b9f56e2542,SKH,0xea92fb20292920340d2c84172b7582b9f56e2542,5h ago
APEHOUSE,/token/0xcd4d0831de2d5438ef4e752554716424c69f19fe,AH,0xcd4d0831de2d5438ef4e752554716424c69f19fe,5h ago
Impreza Token,/token/0xc9ab0c62495c32a9f499c9aa10b65dd21844933e,IT,0xc9ab0c62495c32a9f499c9aa10b65dd21844933e,5h ago
Moon Ninja,/token/0xbe9184ec0307cf83f41eb7801e59a3c513ee4163,MOONNINJA,0xbe9184ec0307cf83f41eb7801e59a3c513ee4163,5h ago
SafeCharity,/token/0xb735312744d8b1226ecd12b25e8f3626aee7d40a,SAFECHAR,0xb735312744d8b1226ecd12b25e8f3626aee7d40a,5h ago
The Lorax,/token/0x2531e4eecd1f68d2ea61ff1a291674039e8d8695,LORAX,0x2531e4eecd1f68d2ea61ff1a291674039e8d8695,5h ago
DRAGONBALL,/token/0x2222f9481111bf4e8ebeafd8a5ae72f83a013d12,GOHAN,0x2222f9481111bf4e8ebeafd8a5ae72f83a013d12,5h ago
ClearMoon - Yield Protocol,/token/0xd52059d617b82c1ee7301ca18069442fe2a8bedd,ClearMoon,0xd52059d617b82c1ee7301ca18069442fe2a8bedd,5h ago
MechaShiba,/token/0xd5121502726fd6854b48b11e82acf2dcd95cf657,MECHASHIBA,0xd5121502726fd6854b48b11e82acf2dcd95cf657,5h ago
